{
  "total_posts": 29,
  "duration": 624.369187,
  "timestamp": "2025-08-29T00:56:52.677857"
}